insert into PUBLIC.TEST (ID, NAME) values (1, 'Easy');
insert into PUBLIC.TEST (ID, NAME) values (2, 'Medium');
insert into PUBLIC.TEST (ID, NAME) values (3, 'Hard');

insert into PUBLIC.QUESTION (ID, ID_TEST, ID_CORRECT_ANSWER, IMG_PATH) values (1, 1, 2, 'resource/easy/1cat.jpg');
insert into PUBLIC.QUESTION (ID, ID_TEST, ID_CORRECT_ANSWER, IMG_PATH) values (2, 1, 8, 'resource/easy/2dog.jpg');
insert into PUBLIC.QUESTION (ID, ID_TEST, ID_CORRECT_ANSWER, IMG_PATH) values (3, 1, 9, 'resource/easy/3fox.jpg');
insert into PUBLIC.QUESTION (ID, ID_TEST, ID_CORRECT_ANSWER, IMG_PATH) values (4, 2, 13, 'resource/medium/4sink.jpg');
insert into PUBLIC.QUESTION (ID, ID_TEST, ID_CORRECT_ANSWER, IMG_PATH) values (5, 2, 18, 'resource/medium/5library.jpg');
insert into PUBLIC.QUESTION (ID, ID_TEST, ID_CORRECT_ANSWER, IMG_PATH) values (6, 3, 21, 'resource/hard/6armchair.jpg');
insert into PUBLIC.QUESTION (ID, ID_TEST, ID_CORRECT_ANSWER, IMG_PATH) values (7, 3, 25, 'resource/hard/7rainbow.jpg');

insert into PUBLIC.ANSWER (ID, ID_QUESTION, TEXT) values (1, 1, 'horse');
insert into PUBLIC.ANSWER (ID, ID_QUESTION, TEXT) values (2, 1, 'cat');
insert into PUBLIC.ANSWER (ID, ID_QUESTION, TEXT) values (3, 1, 'duck');
insert into PUBLIC.ANSWER (ID, ID_QUESTION, TEXT) values (4, 1, 'lion');
insert into PUBLIC.ANSWER (ID, ID_QUESTION, TEXT) values (5, 2, 'fish');
insert into PUBLIC.ANSWER (ID, ID_QUESTION, TEXT) values (6, 2, 'sheep');
insert into PUBLIC.ANSWER (ID, ID_QUESTION, TEXT) values (7, 2, 'zebra');
insert into PUBLIC.ANSWER (ID, ID_QUESTION, TEXT) values (8, 2, 'dog');
insert into PUBLIC.ANSWER (ID, ID_QUESTION, TEXT) values (9, 3, 'fox');
insert into PUBLIC.ANSWER (ID, ID_QUESTION, TEXT) values (10, 3, 'bee');
insert into PUBLIC.ANSWER (ID, ID_QUESTION, TEXT) values (11, 3, 'koala');
insert into PUBLIC.ANSWER (ID, ID_QUESTION, TEXT) values (12, 3, 'bear');
insert into PUBLIC.ANSWER (ID, ID_QUESTION, TEXT) values (13, 4, 'sink');
insert into PUBLIC.ANSWER (ID, ID_QUESTION, TEXT) values (14, 4, 'roof');
insert into PUBLIC.ANSWER (ID, ID_QUESTION, TEXT) values (15, 4, 'window');
insert into PUBLIC.ANSWER (ID, ID_QUESTION, TEXT) values (16, 4, 'floor');
insert into PUBLIC.ANSWER (ID, ID_QUESTION, TEXT) values (17, 5, 'park');
insert into PUBLIC.ANSWER (ID, ID_QUESTION, TEXT) values (18, 5, 'library');
insert into PUBLIC.ANSWER (ID, ID_QUESTION, TEXT) values (19, 5, 'zoo');
insert into PUBLIC.ANSWER (ID, ID_QUESTION, TEXT) values (20, 5, 'cinema');
insert into PUBLIC.ANSWER (ID, ID_QUESTION, TEXT) values (21, 6, 'armchair');
insert into PUBLIC.ANSWER (ID, ID_QUESTION, TEXT) values (22, 6, 'sofa');
insert into PUBLIC.ANSWER (ID, ID_QUESTION, TEXT) values (23, 6, 'bed');
insert into PUBLIC.ANSWER (ID, ID_QUESTION, TEXT) values (24, 6, 'chair');
insert into PUBLIC.ANSWER (ID, ID_QUESTION, TEXT) values (25, 7, 'rainbow');
insert into PUBLIC.ANSWER (ID, ID_QUESTION, TEXT) values (26, 7, 'storm');
insert into PUBLIC.ANSWER (ID, ID_QUESTION, TEXT) values (27, 7, 'rain');
insert into PUBLIC.ANSWER (ID, ID_QUESTION, TEXT) values (28, 7, 'snow');
